--
-- Dumping data untuk tabel `users`
--

INSERT INTO `users` (`id`, `name`, `email`, `type`, `email_verified_at`, `password`, `remember_token`, `created_at`, `updated_at`, `deleted_at`)
VALUES
	(1,'Admin','admin@cyberolympus.com','admin',NULL,'$2y$10$lCfxD02smvmzNb4Chy1m..DWOhOjQ.VKsqoC7/VuBBnYN43XKyzNa','m1dHAHWR4MMtg3q7wl0grj2LSKb9wjORrvRSM7OMNrKjPxQ7f3bwHE40OLNl','2021-04-07 03:03:39','2021-04-07 03:03:39',NULL),
	(2,'Yuli',NULL,'karyawan',NULL,NULL,NULL,'2021-08-18 20:48:03','2021-08-18 20:48:03',NULL),
	(3,'Mini',NULL,'karyawan',NULL,NULL,NULL,'2021-08-18 20:56:41','2021-08-18 20:56:41',NULL),
	(4,'Isti',NULL,'karyawan',NULL,NULL,NULL,'2021-08-18 21:05:24','2021-08-18 21:05:24',NULL),
	(5,'Dodi',NULL,'karyawan',NULL,NULL,NULL,'2021-08-18 21:08:27','2021-08-18 21:08:27',NULL),
	(6,'Dodi',NULL,'karyawan',NULL,NULL,NULL,'2021-08-18 21:08:35','2021-08-18 21:08:35',NULL),
	(7,'Nana',NULL,'karyawan',NULL,NULL,NULL,'2021-08-18 21:11:04','2021-08-18 21:11:04',NULL),
	(8,'Gatot',NULL,'karyawan',NULL,NULL,NULL,'2021-08-18 21:22:28','2021-08-18 21:22:28',NULL),
	(9,'Anang',NULL,'karyawan',NULL,NULL,NULL,'2021-08-18 21:29:25','2021-08-18 21:29:25',NULL),
	(10,'Deva',NULL,'karyawan',NULL,NULL,NULL,'2021-08-18 21:32:37','2021-08-18 21:32:37',NULL),
	(11,'Adi',NULL,'karyawan',NULL,NULL,NULL,'2021-08-18 21:33:29','2021-08-18 21:33:29',NULL),
	(12,'Sadiq',NULL,'karyawan',NULL,NULL,NULL,'2021-08-18 21:34:16','2021-08-18 21:34:16',NULL),
	(13,'Hans Nicholas',NULL,'konsumen',NULL,NULL,NULL,'2021-08-25 07:33:52','2021-08-25 07:33:52',NULL),
	(14,'Amerta Jaya Satwa',NULL,'supplier',NULL,NULL,NULL,'2021-08-25 08:19:40','2021-08-25 08:19:40',NULL),
	(15,'PT Japfa Comfeed Indonesia',NULL,'supplier',NULL,NULL,NULL,'2021-08-27 06:44:43','2021-08-27 06:44:43',NULL),
	(16,'PT Bina San Prima',NULL,'supplier',NULL,NULL,NULL,'2021-08-27 06:45:29','2021-08-27 06:45:29',NULL),
	(17,'Medion Ardhika Bhakti',NULL,'supplier',NULL,NULL,NULL,'2021-08-27 06:46:05','2021-08-27 06:46:05',NULL),
	(18,'Hans Nicholas Setiawan',NULL,'supplier',NULL,NULL,NULL,'2021-08-27 06:52:43','2021-08-27 06:52:43',NULL);

INSERT INTO `supplier` (`id`, `nama`, `alamat`, `telepon`, `created_at`, `updated_at`, `deleted_at`)
VALUES
	(14,'Amerta Jaya Satwa','-','0811259600','2021-08-25 08:19:40','2021-08-25 08:19:40',NULL),
	(15,'PT Japfa Comfeed Indonesia','-','0271890609','2021-08-27 06:44:43','2021-08-27 06:44:43',NULL),
	(16,'PT Bina San Prima','-','0','2021-08-27 06:45:29','2021-08-27 06:45:29',NULL),
	(17,'Medion Ardhika Bhakti','-','0','2021-08-27 06:46:05','2021-08-27 06:46:05',NULL),
	(18,'Hans Nicholas Setiawan','-','0','2021-08-27 06:52:43','2021-08-27 06:52:43',NULL);

INSERT INTO `konsumen` (`id`, `nama_konsumen`, `telepon`, `alamat`, `created_at`, `updated_at`, `deleted_at`)
VALUES
	(13,'Hans Nicholas','085743239000','jalan jongke 88','2021-08-25 07:33:52','2021-08-25 07:33:52',NULL);
--
-- Dumping data untuk tabel `setup`
--

INSERT INTO `setup` (`id`, `slug`, `nama`, `json_data`, `created_at`, `updated_at`, `deleted_at`, `status`)
VALUES
	(1, 'tipe', 'Vaksin', NULL, '2021-04-10 23:00:00', '2021-04-10 23:00:00', NULL, 1),
	(2, 'tipe', 'Pakan', NULL, '2021-04-10 23:00:00', '2021-04-13 19:30:28', NULL, 1),
	(3, 'tipe', 'Vitamin', NULL, '2021-04-10 23:00:00', '2021-04-10 23:00:00', NULL, 1),
	(4, 'tipe', 'Ayam', NULL, '2021-04-10 23:00:00', '2021-04-10 23:00:00', NULL, 1),
	(5, 'satuan', 'Kg', NULL, '2021-04-10 23:00:00', '2021-04-10 23:00:00', NULL, 1),
	(6, 'satuan', 'mL', NULL, '2021-04-10 23:00:00', '2021-04-10 23:00:00', NULL, 1),
	(7, 'satuan', 'Ekor', NULL, '2021-04-10 23:00:00', '2021-04-10 23:00:00', NULL, 1),
	(8, 'payment', 'Tunai', NULL, '2021-08-04 04:40:42', '2021-08-04 04:40:42', NULL, 1),
	(9, 'strain', 'Lohmann', NULL, '2021-08-18 21:35:32', '2021-08-18 21:35:32', NULL, 1),
	(10, 'strain', 'Hyline', NULL, '2021-08-19 01:34:55', '2021-08-19 01:34:55', NULL, 1),
	(11, 'strain', 'Hisex', NULL, '2021-08-19 01:35:40', '2021-08-19 01:35:40', NULL, 1),
	(12, 'strain', 'Isa Brown', NULL, '2021-08-19 01:35:51', '2021-08-19 01:35:51', NULL, 1),
	(13, 'payment', 'BANK BCA Operational', NULL, '2021-08-20 08:16:29', '2021-08-20 08:16:29', NULL, 2),
	(14, 'satuan', 'biji', NULL, '2021-08-25 07:43:33', '2021-08-25 07:43:33', NULL, 1),
	(15, 'kandang', 'Starter 1', '[{\"id\":1629878339,\"bangunan\":\"1\",\"kode\":\"A\",\"jumlah_box\":\"156\",\"ekor_per_box\":\"25\"},{\"id\":1629878385,\"bangunan\":\"2\",\"kode\":\"B\",\"jumlah_box\":\"180\",\"ekor_per_box\":\"25\"}]', '2021-08-25 07:57:42', '2021-08-25 07:59:45', NULL, 1),
	(16, 'kandang', 'Starter 2', '[{\"id\":1629878451,\"bangunan\":\"1\",\"kode\":\"C\",\"jumlah_box\":\"360\",\"ekor_per_box\":\"25\"}]', '2021-08-25 07:59:19', '2021-08-25 09:54:16', NULL, 2),
	(17, 'kandang', 'Grower 1', '[{\"id\":1629878555,\"bangunan\":\"1\",\"kode\":\"1\",\"jumlah_box\":\"1944\",\"ekor_per_box\":\"2\"},{\"id\":1629878573,\"bangunan\":\"2\",\"kode\":\"2\",\"jumlah_box\":\"1944\",\"ekor_per_box\":\"2\"},{\"id\":1629878590,\"bangunan\":\"3\",\"kode\":\"3\",\"jumlah_box\":\"2064\",\"ekor_per_box\":\"2\"}]', '2021-08-25 08:01:03', '2021-08-25 08:03:10', NULL, 1),
	(18, 'kandang', 'Grower 2', '[{\"id\":1629878641,\"bangunan\":\"1\",\"kode\":\"4\",\"jumlah_box\":\"2076\",\"ekor_per_box\":\"2\"},{\"id\":1629878673,\"bangunan\":\"1\",\"kode\":\"5\",\"jumlah_box\":\"1944\",\"ekor_per_box\":\"2\"},{\"id\":1629878838,\"bangunan\":\"3\",\"kode\":\"6\",\"jumlah_box\":\"1704\",\"ekor_per_box\":\"1\"}]', '2021-08-25 08:03:25', '2021-08-25 08:07:18', NULL, 1),
	(19, 'kandang', 'Grower 3', '[{\"id\":1629878947,\"bangunan\":\"1\",\"kode\":\"7\",\"jumlah_box\":\"1704\",\"ekor_per_box\":\"1\"},{\"id\":1629879019,\"bangunan\":\"2\",\"kode\":\"8\",\"jumlah_box\":\"1452\",\"ekor_per_box\":\"2\"},{\"id\":1629879067,\"bangunan\":\"3\",\"kode\":\"9\",\"jumlah_box\":\"400\",\"ekor_per_box\":\"5\"},{\"id\":1629879132,\"bangunan\":\"3\",\"kode\":\"9\",\"jumlah_box\":\"412\",\"ekor_per_box\":\"2\"},{\"id\":1629879167,\"bangunan\":\"4\",\"kode\":\"10\",\"jumlah_box\":\"280\",\"ekor_per_box\":\"5\"},{\"id\":1629879181,\"bangunan\":\"4\",\"kode\":\"10\",\"jumlah_box\":\"292\",\"ekor_per_box\":\"2\"}]', '2021-08-25 08:08:50', '2021-08-25 08:13:01', NULL, 1),
	(20, 'satuan', 'vial', NULL, '2021-08-27 07:25:32', '2021-08-27 07:25:32', NULL, 1),
	(21, 'satuan', 'Botol', NULL, '2021-08-27 11:30:26', '2021-08-27 11:30:26', NULL, 1),
	(22, 'satuan', 'Gram', NULL, '2021-08-27 11:33:04', '2021-08-27 11:33:04', NULL, 1),
	(23, 'tipe', 'Obat', NULL, '2021-08-27 11:44:39', '2021-08-27 11:44:39', NULL, 1),
	(24, 'permission', 'Daftar Karyawan', NULL, '2021-08-27 11:44:39', '2021-08-27 11:44:39', NULL, 1),
	(25, 'permission', 'Daftar Konsumen', NULL, NULL, NULL, NULL, 1),
	(26, 'permission', 'Daftar Supplier', NULL, NULL, NULL, NULL, 1),
	(27, 'permission', 'Daftar Produk', NULL, NULL, NULL, NULL, 1),
	(28, 'permission', 'Daftar Kandang', NULL, NULL, NULL, NULL, 1),
	(29, 'permission', 'Daftar Strain', NULL, NULL, NULL, NULL, 1),
	(30, 'permission', 'Daftar Tipe', NULL, NULL, NULL, NULL, 1),
	(31, 'permission', 'Daftar Satuan', NULL, NULL, NULL, NULL, 1),
	(32, 'permission', 'Daftar Metode Pembayaran', NULL, NULL, NULL, NULL, 1),
	(33, 'permission', 'Purchasing Order', NULL, NULL, NULL, NULL, 1),
	(34, 'permission', 'Pembayaran Purchase', NULL, NULL, NULL, NULL, 1),
	(35, 'permission', 'Delivery Order', NULL, NULL, NULL, NULL, 1),
	(36, 'permission', 'Jurnal Mutasi', NULL, NULL, NULL, NULL, 1),
	(37, 'permission', 'Jurnal Angkatan Ayam', NULL, NULL, NULL, NULL, 1),
	(38, 'permission', 'Setoran Modal', NULL, NULL, NULL, NULL, 1),
	(39, 'permission', 'Pengeluaran Lain', NULL, NULL, NULL, NULL, 1),
	(40, 'permission', 'Jurnal Mutasi Kas', NULL, NULL, NULL, NULL, 1),
	(41, 'permission', 'Jurnal Penjualan Ayam', NULL, NULL, NULL, NULL, 1),
	(42, 'permission', 'Jurnal Penjualan Lain', NULL, NULL, NULL, NULL, 1),
	(43, 'permission', 'Jurnal Cashbon', NULL, NULL, NULL, NULL, 1),
	(44, 'permission', 'Jurnal Penggajian', NULL, NULL, NULL, NULL, 1),
	(45, 'permission', 'Jurnal Pembelian', NULL, NULL, NULL, NULL, 1),
	(46, 'permission', 'Jurnal Cut Off', NULL, NULL, NULL, NULL, 1);


INSERT INTO `produk` (`id`, `jenis`, `supplier_id`, `tipe`, `nama`, `satuan`, `stocklimit`, `created_at`, `updated_at`, `deleted_at`)
VALUES
	(1,NULL,NULL,NULL,'PAR S',5,NULL,'2021-08-25 07:05:57','2021-08-25 07:05:57',NULL),
	(2,'lain',NULL,NULL,'komputer',14,NULL,'2021-08-25 07:43:33','2021-08-25 07:43:33',NULL),
	(3,'lain',NULL,NULL,'Perlengkapan Rafa',14,NULL,'2021-08-25 07:47:36','2021-08-25 07:47:36',NULL),
	(4,'purchase',NULL,4,'Lohman MB',7,0,'2021-08-25 07:53:29','2021-08-27 11:37:36',NULL),
	(5,'purchase',NULL,2,'ParDoc',5,0,'2021-08-27 06:48:59','2021-08-27 06:48:59',NULL),
	(6,'purchase',NULL,2,'ParS',5,0,'2021-08-27 06:49:11','2021-08-27 06:49:11',NULL),
	(7,'purchase',NULL,2,'ParG',5,0,'2021-08-27 06:49:22','2021-08-27 07:09:01',NULL),
	(8,'purchase',NULL,2,'Pre Starter',5,0,'2021-08-27 06:53:18','2021-08-27 06:55:40',NULL),
	(9,'purchase',NULL,1,'Medivac ND-IB 2000 dosis',20,0,'2021-08-27 07:25:32','2021-08-27 07:25:32',NULL),
	(10,'purchase',NULL,1,'Gumboro A 2000 dosis',20,0,'2021-08-27 07:26:15','2021-08-27 07:26:15',NULL),
	(11,'purchase',NULL,1,'Medivac Pox 1000 dosis',20,0,'2021-08-27 07:26:46','2021-08-27 07:26:46',NULL),
	(12,'purchase',NULL,1,'Medivac ILT LS 2000 dosis',20,0,'2021-08-27 07:27:40','2021-08-27 07:27:40',NULL),
	(13,'purchase',NULL,1,'Gumboro A 1000 dosis',20,0,'2021-08-27 07:27:59','2021-08-27 07:27:59',NULL),
	(14,'purchase',NULL,1,'CAPRIVAC NB-K 1000ds',21,0,'2021-08-27 11:34:23','2021-08-27 11:34:23',NULL),
	(15,'purchase',NULL,1,'CAPRIVAC NBA-K 1000ds',21,0,'2021-08-27 11:37:01','2021-08-27 11:37:01',NULL),
	(16,'purchase',NULL,3,'STRESS PROTECTOR',22,0,'2021-08-27 11:42:05','2021-08-27 11:42:05',NULL),
	(17,'purchase',NULL,23,'AMOXICILLIN50%',22,0,'2021-08-27 11:44:39','2021-08-27 11:44:39',NULL),
	(18,'purchase',NULL,23,'AVIMOL',22,0,'2021-08-27 11:47:01','2021-08-27 11:47:01',NULL),
	(19,'purchase',NULL,3,'NOPSTRESS',22,0,'2021-08-27 11:48:00','2021-08-27 11:48:00',NULL);

INSERT INTO `log_trans` (`id`, `table`, `table_id`, `produk_id`, `jenis`, `tanggal`, `kas`, `qty`, `nominal`, `created_at`, `updated_at`, `status`)
VALUES
	(1,'gaji',1,NULL,'gaji','2021-07-24',8,NULL,512000,'2021-08-18 20:48:03','2021-08-18 20:48:03',1),
	(2,'gaji',2,NULL,'gaji','2021-07-24',8,NULL,591500,'2021-08-18 21:02:07','2021-08-18 21:02:07',1),
	(3,'gaji',3,NULL,'gaji','2021-07-24',8,NULL,301000,'2021-08-18 21:05:24','2021-08-18 21:05:24',1),
	(4,'gaji',4,NULL,'gaji','2021-07-24',8,NULL,420000,'2021-08-18 21:08:27','2021-08-18 21:08:27',1),
	(6,'gaji',6,NULL,'gaji','2021-07-24',8,NULL,458500,'2021-08-18 21:11:04','2021-08-18 21:11:04',1),
	(7,'gaji',7,NULL,'gaji','2021-07-24',8,NULL,420000,'2021-08-18 21:22:28','2021-08-18 21:22:28',1),
	(8,'gaji',8,NULL,'gaji','2021-07-24',8,NULL,420000,'2021-08-18 21:29:25','2021-08-18 21:29:25',1),
	(9,'gaji',9,NULL,'gaji','2021-07-24',8,NULL,420000,'2021-08-18 21:32:37','2021-08-18 21:32:37',1),
	(11,'gaji',11,NULL,'gaji','2021-07-24',8,NULL,301000,'2021-08-18 21:34:16','2021-08-18 21:34:16',1),
	(13,'gaji',13,NULL,'gaji','2021-07-24',8,NULL,420000,'2021-08-19 01:37:15','2021-08-19 01:37:15',1),
	(14,NULL,NULL,2,'pembelian_lain','2021-07-21',13,1,7366000,'2021-08-25 07:43:33','2021-08-25 07:43:33',1),
	(15,NULL,NULL,3,'pembelian_lain','2021-07-21',13,1,790000,'2021-08-25 07:47:36','2021-08-25 07:47:36',1);

INSERT INTO `cashbon` (`id`, `karyawan_id`, `tanggal`, `nominal`, `payment_id`, `created_at`, `updated_at`, `deleted_at`)
VALUES
	(1,9,'2021-07-24',400000,8,'2021-08-18 21:29:57','2021-08-18 21:29:57',NULL);

INSERT INTO `gaji` (`id`, `tanggal`, `karyawan_id`, `metode_gaji`, `besar_gaji`, `hari_gaji`, `overtime`, `besar_overtime`, `perkalian_overtime`, `potong_gaji`, `cashbon`, `thr`, `total_didapat`, `metode_kas`, `user_id`, `created_at`, `updated_at`, `deleted_at`)
VALUES
	(1,'2021-07-24',2,'harian',72000,7,'jam',8000,1,0,0,0,512000,8,1,'2021-08-18 20:48:03','2021-08-18 20:48:03',NULL),
	(2,'2021-07-24',3,'harian',62000,7,'harian',157500,1,0,0,0,591500,8,1,'2021-08-18 21:02:07','2021-08-18 21:02:07',NULL),
	(3,'2021-07-24',4,'harian',43000,7,NULL,0,0,0,0,0,301000,8,1,'2021-08-18 21:05:24','2021-08-18 21:05:24',NULL),
	(4,'2021-07-24',5,'harian',60000,7,NULL,0,0,0,0,0,420000,8,1,'2021-08-18 21:08:27','2021-08-18 21:08:27',NULL),
	(5,'2021-07-24',6,'harian',60000,7,NULL,0,0,0,0,0,420000,8,1,'2021-08-18 21:08:35','2021-08-18 21:09:10','2021-08-18 21:09:10'),
	(6,'2021-07-24',7,'harian',43000,7,'harian',157500,1,0,0,0,458500,8,1,'2021-08-18 21:11:04','2021-08-18 21:11:04',NULL),
	(7,'2021-07-24',8,'harian',60000,7,NULL,0,0,0,0,0,420000,8,1,'2021-08-18 21:22:28','2021-08-18 21:22:28',NULL),
	(8,'2021-07-24',9,'harian',60000,7,NULL,0,0,0,0,0,420000,8,1,'2021-08-18 21:29:25','2021-08-18 21:29:25',NULL),
	(9,'2021-07-24',10,'harian',60000,7,NULL,0,0,0,0,0,420000,8,1,'2021-08-18 21:32:37','2021-08-18 21:32:37',NULL),
	(10,'2021-05-24',11,'harian',60000,7,NULL,0,0,0,0,0,420000,8,1,'2021-08-18 21:33:29','2021-08-19 01:37:19','2021-08-19 01:37:19'),
	(11,'2021-07-24',12,'harian',43000,7,NULL,0,0,0,0,0,301000,8,1,'2021-08-18 21:34:16','2021-08-18 21:34:16',NULL),
	(12,'2021-08-24',11,'harian',60000,7,NULL,0,0,0,0,0,420000,8,1,'2021-08-19 01:36:48','2021-08-19 01:36:54','2021-08-19 01:36:54'),
	(13,'2021-07-24',11,'harian',60000,7,NULL,0,0,0,0,0,420000,8,1,'2021-08-19 01:37:15','2021-08-19 01:37:15',NULL);

INSERT INTO `karyawan` (`id`, `nama`, `alamat`, `telepon`, `tanggal_masuk`, `gaji_harian`, `created_at`, `updated_at`, `deleted_at`)
VALUES
	(2,'Yuli','-','0811','2019-11-01',72000,'2021-08-18 20:48:03','2021-08-18 20:48:03',NULL),
	(3,'Mini','-','0878','2020-01-02',62000,'2021-08-18 20:56:41','2021-08-18 20:56:41',NULL),
	(4,'Isti','-','0878','2021-05-03',43000,'2021-08-18 21:05:24','2021-08-18 21:05:24',NULL),
	(5,'Dodi','-','0876','2021-05-09',60000,'2021-08-18 21:08:27','2021-08-18 21:08:27',NULL),
	(6,'Dodi','-','0876','2021-05-09',60000,'2021-08-18 21:08:35','2021-08-18 21:08:35',NULL),
	(7,'Nana','-','0878','2021-05-11',43000,'2021-08-18 21:11:04','2021-08-18 21:11:04',NULL),
	(8,'Gatot','-','0878','2021-05-17',60000,'2021-08-18 21:22:28','2021-08-18 21:22:28',NULL),
	(9,'Anang','-','0878','2021-05-22',60000,'2021-08-18 21:29:25','2021-08-18 21:29:25',NULL),
	(10,'Deva','-','0878','2021-05-22',60000,'2021-08-18 21:32:37','2021-08-18 21:32:37',NULL),
	(11,'Adi','-','0878','2021-07-04',60000,'2021-08-18 21:33:29','2021-08-18 21:33:29',NULL),
	(12,'Sadiq','-','0878','2021-07-19',43000,'2021-08-18 21:34:16','2021-08-18 21:34:16',NULL);


INSERT INTO `strain` (`id`, `strain_id`, `category`, `minggu`, `dari`, `sampai`, `angka`, `created_at`, `updated_at`, `deleted_at`)
VALUES
	(1,9,'gram',1,1,7,11,'2021-08-18 14:37:27','2021-08-20 01:40:28',NULL),
	(2,9,'bb',1,1,7,75,'2021-08-18 14:37:58','2021-08-20 01:43:15',NULL),
	(3,9,'global',NULL,1,7,77,'2021-08-18 17:58:07','2021-08-18 18:03:37','2021-08-18 18:03:37'),
	(4,9,'global',NULL,8,14,196,'2021-08-18 17:58:38','2021-08-18 18:03:38','2021-08-18 18:03:38'),
	(5,9,'gram',2,8,14,19,'2021-08-18 17:59:32','2021-08-25 10:08:19',NULL),
	(6,9,'bb',2,8,14,130,'2021-08-18 17:59:48','2021-08-20 01:43:14',NULL),
	(7,9,'gram',3,15,21,22,'2021-08-18 18:00:38','2021-08-20 01:40:25',NULL),
	(8,9,'bb',3,15,21,195,'2021-08-18 18:01:30','2021-08-20 01:43:12',NULL),
	(9,9,'global',NULL,15,21,350,'2021-08-18 18:01:51','2021-08-18 18:03:40','2021-08-18 18:03:40'),
	(10,9,'global',1,1,7,77,'2021-08-18 18:04:48','2021-08-20 01:41:58',NULL),
	(11,9,'global',2,8,14,196,'2021-08-18 18:04:59','2021-08-25 10:14:23',NULL),
	(12,9,'global',3,15,21,350,'2021-08-18 18:05:25','2021-08-25 10:14:21',NULL),
	(13,9,'global',4,22,28,546,'2021-08-18 18:05:57','2021-08-25 10:14:19',NULL),
	(14,9,'global',5,29,35,791,'2021-08-18 18:06:20','2021-08-25 10:14:16',NULL),
	(15,9,'global',6,36,42,1078,'2021-08-18 18:06:42','2021-08-25 10:14:14',NULL),
	(16,9,'global',7,43,49,1407,'2021-08-18 18:07:10','2021-08-25 10:14:12',NULL),
	(17,9,'global',8,50,56,1764,'2021-08-18 18:08:11','2021-08-25 10:14:10',NULL),
	(18,9,'global',9,57,63,2149,'2021-08-18 18:09:14','2021-08-25 10:14:03',NULL),
	(19,9,'global',10,64,70,2555,'2021-08-18 18:10:00','2021-08-25 10:13:58',NULL),
	(20,9,'global',11,71,77,2975,'2021-08-18 18:10:14','2021-08-25 10:13:53',NULL),
	(21,9,'global',12,78,84,3423,'2021-08-18 18:10:37','2021-08-25 10:13:49',NULL),
	(22,9,'global',NULL,85,91,65,'2021-08-18 18:11:01','2021-08-18 18:14:26','2021-08-18 18:14:26'),
	(23,9,'global',NULL,92,98,68,'2021-08-18 18:11:31','2021-08-18 18:14:29','2021-08-18 18:14:29'),
	(24,9,'global',NULL,98,105,70,'2021-08-18 18:11:56','2021-08-18 18:14:39','2021-08-18 18:14:39'),
	(25,9,'global',NULL,106,112,71,'2021-08-18 18:12:56','2021-08-18 18:14:32','2021-08-18 18:14:32'),
	(26,9,'global',NULL,113,119,72,'2021-08-18 18:13:34','2021-08-18 18:14:31','2021-08-18 18:14:31'),
	(27,9,'global',13,85,91,3878,'2021-08-18 18:15:15','2021-08-25 10:13:45',NULL),
	(28,9,'global',14,92,98,4354,'2021-08-18 18:15:43','2021-08-25 10:13:42',NULL),
	(29,9,'global',15,99,105,4844,'2021-08-18 18:16:04','2021-08-25 10:13:38',NULL),
	(30,9,'global',16,106,112,5341,'2021-08-18 18:16:22','2021-08-25 10:13:34',NULL),
	(31,9,'global',17,113,119,5845,'2021-08-18 18:16:54','2021-08-25 10:13:25',NULL),
	(32,9,'global',18,120,126,6370,'2021-08-18 18:17:35','2021-08-25 10:13:23',NULL),
	(33,9,'global',NULL,127,134,81,'2021-08-18 18:18:45','2021-08-18 18:19:27','2021-08-18 18:19:27'),
	(34,9,'global',19,127,133,6937,'2021-08-18 18:19:37','2021-08-25 10:13:21',NULL),
	(35,9,'global',20,134,140,7588,'2021-08-18 18:19:59','2021-08-25 10:13:19',NULL),
	(36,9,'gram',4,22,28,28,'2021-08-18 18:20:58','2021-08-20 01:40:24',NULL),
	(37,9,'gram',5,29,35,35,'2021-08-18 18:21:17','2021-08-20 01:40:23',NULL),
	(38,9,'gram',6,36,42,41,'2021-08-18 18:21:41','2021-08-20 01:40:22',NULL),
	(39,9,'gram',7,43,49,47,'2021-08-18 18:22:14','2021-08-20 01:40:21',NULL),
	(40,9,'gram',8,50,56,51,'2021-08-18 18:22:48','2021-08-20 01:40:20',NULL),
	(41,9,'gram',9,57,63,55,'2021-08-18 18:23:10','2021-08-20 01:40:19',NULL),
	(42,9,'gram',10,64,70,58,'2021-08-18 18:23:27','2021-08-20 01:40:19',NULL),
	(43,9,'gram',11,71,77,60,'2021-08-18 18:23:55','2021-08-20 01:40:18',NULL),
	(44,9,'gram',12,78,84,64,'2021-08-18 18:24:17','2021-08-20 01:40:17',NULL),
	(45,9,'gram',13,85,91,65,'2021-08-18 18:24:39','2021-08-20 01:40:17',NULL),
	(46,9,'gram',14,92,98,68,'2021-08-18 18:25:00','2021-08-20 01:40:16',NULL),
	(47,9,'gram',15,99,105,70,'2021-08-18 18:25:31','2021-08-20 01:40:15',NULL),
	(48,9,'gram',16,106,112,71,'2021-08-18 18:25:47','2021-08-20 01:40:14',NULL),
	(49,9,'gram',17,113,119,72,'2021-08-18 18:26:04','2021-08-20 01:40:13',NULL),
	(50,9,'gram',18,134,140,75,'2021-08-18 18:26:22','2021-08-20 01:40:13',NULL),
	(51,9,'bb',4,22,28,275,'2021-08-18 18:27:17','2021-08-20 01:43:12',NULL),
	(52,9,'bb',5,29,35,367,'2021-08-18 18:28:42','2021-08-20 01:43:11',NULL),
	(53,9,'bb',6,36,42,475,'2021-08-18 18:28:57','2021-08-20 01:43:10',NULL),
	(54,9,'bb',7,43,49,583,'2021-08-18 18:29:30','2021-08-20 01:43:09',NULL),
	(55,9,'bb',8,50,56,685,'2021-08-18 18:29:56','2021-08-20 01:43:09',NULL),
	(56,9,'bb',9,57,63,782,'2021-08-18 18:30:13','2021-08-20 01:43:08',NULL),
	(57,9,'bb',10,64,70,874,'2021-08-18 18:30:45','2021-08-20 01:43:07',NULL),
	(58,9,'bb',11,71,77,961,'2021-08-18 18:31:16','2021-08-20 01:43:06',NULL),
	(59,9,'bb',12,78,84,1043,'2021-08-18 18:31:32','2021-08-20 01:43:05',NULL),
	(60,9,'bb',13,85,91,1123,'2021-08-18 18:32:02','2021-08-20 01:43:05',NULL),
	(61,9,'bb',14,92,98,1197,'2021-08-18 18:32:25','2021-08-20 01:43:04',NULL),
	(62,9,'bb',15,99,105,1264,'2021-08-18 18:33:00','2021-08-20 01:43:04',NULL),
	(63,9,'bb',16,106,112,1330,'2021-08-18 18:33:22','2021-08-20 01:43:03',NULL),
	(64,9,'bb',17,113,119,1400,'2021-08-18 18:33:41','2021-08-20 01:43:03',NULL),
	(65,9,'bb',18,134,140,1475,'2021-08-18 18:34:24','2021-08-20 01:43:02',NULL),
	(66,10,'gram',1,1,7,11,'2021-08-18 14:37:27','2021-08-20 01:40:28',NULL),
	(67,10,'bb',1,1,7,75,'2021-08-18 14:37:58','2021-08-20 01:43:15',NULL),
	(68,10,'global',NULL,1,7,77,'2021-08-18 17:58:07','2021-08-18 18:03:37','2021-08-18 18:03:37'),
	(69,10,'global',NULL,8,14,196,'2021-08-18 17:58:38','2021-08-18 18:03:38','2021-08-18 18:03:38'),
	(70,10,'gram',2,8,14,19,'2021-08-18 17:59:32','2021-08-20 01:40:26',NULL),
	(71,10,'bb',2,8,14,130,'2021-08-18 17:59:48','2021-08-20 01:43:14',NULL),
	(72,10,'gram',3,15,21,22,'2021-08-18 18:00:38','2021-08-20 01:40:25',NULL),
	(73,10,'bb',3,15,21,195,'2021-08-18 18:01:30','2021-08-20 01:43:12',NULL),
	(74,10,'global',NULL,15,21,350,'2021-08-18 18:01:51','2021-08-18 18:03:40','2021-08-18 18:03:40'),
	(75,10,'global',1,1,7,77,'2021-08-18 18:04:48','2021-08-20 01:41:58',NULL),
	(76,10,'global',2,8,14,17,'2021-08-18 18:04:59','2021-08-20 01:41:58',NULL),
	(77,10,'global',3,15,21,22,'2021-08-18 18:05:25','2021-08-20 01:41:59',NULL),
	(78,10,'global',4,22,28,28,'2021-08-18 18:05:57','2021-08-20 01:42:00',NULL),
	(79,10,'global',5,29,35,35,'2021-08-18 18:06:20','2021-08-20 01:42:00',NULL),
	(80,10,'global',6,36,42,41,'2021-08-18 18:06:42','2021-08-20 01:42:01',NULL),
	(81,10,'global',7,43,49,47,'2021-08-18 18:07:10','2021-08-20 01:42:02',NULL),
	(82,10,'global',8,50,56,51,'2021-08-18 18:08:11','2021-08-20 01:42:02',NULL),
	(83,10,'global',9,57,63,55,'2021-08-18 18:09:14','2021-08-20 01:42:03',NULL),
	(84,10,'global',10,64,70,58,'2021-08-18 18:10:00','2021-08-20 01:42:03',NULL),
	(85,10,'global',11,71,77,60,'2021-08-18 18:10:14','2021-08-20 01:42:04',NULL),
	(86,10,'global',12,78,84,64,'2021-08-18 18:10:37','2021-08-20 01:42:05',NULL),
	(87,10,'global',NULL,85,91,65,'2021-08-18 18:11:01','2021-08-18 18:14:26','2021-08-18 18:14:26'),
	(88,10,'global',NULL,92,98,68,'2021-08-18 18:11:31','2021-08-18 18:14:29','2021-08-18 18:14:29'),
	(89,10,'global',NULL,98,105,70,'2021-08-18 18:11:56','2021-08-18 18:14:39','2021-08-18 18:14:39'),
	(90,10,'global',NULL,106,112,71,'2021-08-18 18:12:56','2021-08-18 18:14:32','2021-08-18 18:14:32'),
	(91,10,'global',NULL,113,119,72,'2021-08-18 18:13:34','2021-08-18 18:14:31','2021-08-18 18:14:31'),
	(92,10,'global',13,85,91,65,'2021-08-18 18:15:15','2021-08-20 01:42:05',NULL),
	(93,10,'global',14,92,98,68,'2021-08-18 18:15:43','2021-08-20 01:42:06',NULL),
	(94,10,'global',15,99,105,70,'2021-08-18 18:16:04','2021-08-20 01:42:06',NULL),
	(95,10,'global',16,106,112,71,'2021-08-18 18:16:22','2021-08-20 01:42:07',NULL),
	(96,10,'global',17,113,119,72,'2021-08-18 18:16:54','2021-08-20 01:42:08',NULL),
	(97,10,'global',18,120,126,75,'2021-08-18 18:17:35','2021-08-20 01:42:08',NULL),
	(98,10,'global',NULL,127,134,81,'2021-08-18 18:18:45','2021-08-18 18:19:27','2021-08-18 18:19:27'),
	(99,10,'global',19,127,133,81,'2021-08-18 18:19:37','2021-08-20 01:42:09',NULL),
	(100,10,'global',20,134,140,93,'2021-08-18 18:19:59','2021-08-20 01:42:10',NULL),
	(101,10,'gram',4,22,28,28,'2021-08-18 18:20:58','2021-08-20 01:40:24',NULL),
	(102,10,'gram',5,29,35,35,'2021-08-18 18:21:17','2021-08-20 01:40:23',NULL),
	(103,10,'gram',6,36,42,41,'2021-08-18 18:21:41','2021-08-20 01:40:22',NULL),
	(104,10,'gram',7,43,49,47,'2021-08-18 18:22:14','2021-08-20 01:40:21',NULL),
	(105,10,'gram',8,50,56,51,'2021-08-18 18:22:48','2021-08-20 01:40:20',NULL),
	(106,10,'gram',9,57,63,55,'2021-08-18 18:23:10','2021-08-20 01:40:19',NULL),
	(107,10,'gram',10,64,70,58,'2021-08-18 18:23:27','2021-08-20 01:40:19',NULL),
	(108,10,'gram',11,71,77,60,'2021-08-18 18:23:55','2021-08-20 01:40:18',NULL),
	(109,10,'gram',12,78,84,64,'2021-08-18 18:24:17','2021-08-20 01:40:17',NULL),
	(110,10,'gram',13,85,91,65,'2021-08-18 18:24:39','2021-08-20 01:40:17',NULL),
	(111,10,'gram',14,92,98,68,'2021-08-18 18:25:00','2021-08-20 01:40:16',NULL),
	(112,10,'gram',15,99,105,70,'2021-08-18 18:25:31','2021-08-20 01:40:15',NULL),
	(113,10,'gram',16,106,112,71,'2021-08-18 18:25:47','2021-08-20 01:40:14',NULL),
	(114,10,'gram',17,113,119,72,'2021-08-18 18:26:04','2021-08-20 01:40:13',NULL),
	(115,10,'gram',18,134,140,75,'2021-08-18 18:26:22','2021-08-20 01:40:13',NULL),
	(116,10,'bb',4,22,28,275,'2021-08-18 18:27:17','2021-08-20 01:43:12',NULL),
	(117,10,'bb',5,29,35,367,'2021-08-18 18:28:42','2021-08-20 01:43:11',NULL),
	(118,10,'bb',6,36,42,475,'2021-08-18 18:28:57','2021-08-20 01:43:10',NULL),
	(119,10,'bb',7,43,49,583,'2021-08-18 18:29:30','2021-08-20 01:43:09',NULL),
	(120,10,'bb',8,50,56,685,'2021-08-18 18:29:56','2021-08-20 01:43:09',NULL),
	(121,10,'bb',9,57,63,782,'2021-08-18 18:30:13','2021-08-20 01:43:08',NULL),
	(122,10,'bb',10,64,70,874,'2021-08-18 18:30:45','2021-08-20 01:43:07',NULL),
	(123,10,'bb',11,71,77,961,'2021-08-18 18:31:16','2021-08-20 01:43:06',NULL),
	(124,10,'bb',12,78,84,1043,'2021-08-18 18:31:32','2021-08-20 01:43:05',NULL),
	(125,10,'bb',13,85,91,1123,'2021-08-18 18:32:02','2021-08-20 01:43:05',NULL),
	(126,10,'bb',14,92,98,1197,'2021-08-18 18:32:25','2021-08-20 01:43:04',NULL),
	(127,10,'bb',15,99,105,1264,'2021-08-18 18:33:00','2021-08-20 01:43:04',NULL),
	(128,10,'bb',16,106,112,1330,'2021-08-18 18:33:22','2021-08-20 01:43:03',NULL),
	(129,10,'bb',17,113,119,1400,'2021-08-18 18:33:41','2021-08-20 01:43:03',NULL),
	(130,10,'bb',18,134,140,1475,'2021-08-18 18:34:24','2021-08-20 01:43:02',NULL),
	(131,11,'gram',1,1,7,11,'2021-08-18 14:37:27','2021-08-20 01:40:28',NULL),
	(132,11,'bb',1,1,7,75,'2021-08-18 14:37:58','2021-08-20 01:43:15',NULL),
	(133,11,'global',NULL,1,7,77,'2021-08-18 17:58:07','2021-08-18 18:03:37','2021-08-18 18:03:37'),
	(134,11,'global',NULL,8,14,196,'2021-08-18 17:58:38','2021-08-18 18:03:38','2021-08-18 18:03:38'),
	(135,11,'gram',2,8,14,19,'2021-08-18 17:59:32','2021-08-20 01:40:26',NULL),
	(136,11,'bb',2,8,14,130,'2021-08-18 17:59:48','2021-08-20 01:43:14',NULL),
	(137,11,'gram',3,15,21,22,'2021-08-18 18:00:38','2021-08-20 01:40:25',NULL),
	(138,11,'bb',3,15,21,195,'2021-08-18 18:01:30','2021-08-20 01:43:12',NULL),
	(139,11,'global',NULL,15,21,350,'2021-08-18 18:01:51','2021-08-18 18:03:40','2021-08-18 18:03:40'),
	(140,11,'global',1,1,7,77,'2021-08-18 18:04:48','2021-08-20 01:41:58',NULL),
	(141,11,'global',2,8,14,17,'2021-08-18 18:04:59','2021-08-20 01:41:58',NULL),
	(142,11,'global',3,15,21,22,'2021-08-18 18:05:25','2021-08-20 01:41:59',NULL),
	(143,11,'global',4,22,28,28,'2021-08-18 18:05:57','2021-08-20 01:42:00',NULL),
	(144,11,'global',5,29,35,35,'2021-08-18 18:06:20','2021-08-20 01:42:00',NULL),
	(145,11,'global',6,36,42,41,'2021-08-18 18:06:42','2021-08-20 01:42:01',NULL),
	(146,11,'global',7,43,49,47,'2021-08-18 18:07:10','2021-08-20 01:42:02',NULL),
	(147,11,'global',8,50,56,51,'2021-08-18 18:08:11','2021-08-20 01:42:02',NULL),
	(148,11,'global',9,57,63,55,'2021-08-18 18:09:14','2021-08-20 01:42:03',NULL),
	(149,11,'global',10,64,70,58,'2021-08-18 18:10:00','2021-08-20 01:42:03',NULL),
	(150,11,'global',11,71,77,60,'2021-08-18 18:10:14','2021-08-20 01:42:04',NULL),
	(151,11,'global',12,78,84,64,'2021-08-18 18:10:37','2021-08-20 01:42:05',NULL),
	(152,11,'global',NULL,85,91,65,'2021-08-18 18:11:01','2021-08-18 18:14:26','2021-08-18 18:14:26'),
	(153,11,'global',NULL,92,98,68,'2021-08-18 18:11:31','2021-08-18 18:14:29','2021-08-18 18:14:29'),
	(154,11,'global',NULL,98,105,70,'2021-08-18 18:11:56','2021-08-18 18:14:39','2021-08-18 18:14:39'),
	(155,11,'global',NULL,106,112,71,'2021-08-18 18:12:56','2021-08-18 18:14:32','2021-08-18 18:14:32'),
	(156,11,'global',NULL,113,119,72,'2021-08-18 18:13:34','2021-08-18 18:14:31','2021-08-18 18:14:31'),
	(157,11,'global',13,85,91,65,'2021-08-18 18:15:15','2021-08-20 01:42:05',NULL),
	(158,11,'global',14,92,98,68,'2021-08-18 18:15:43','2021-08-20 01:42:06',NULL),
	(159,11,'global',15,99,105,70,'2021-08-18 18:16:04','2021-08-20 01:42:06',NULL),
	(160,11,'global',16,106,112,71,'2021-08-18 18:16:22','2021-08-20 01:42:07',NULL),
	(161,11,'global',17,113,119,72,'2021-08-18 18:16:54','2021-08-20 01:42:08',NULL),
	(162,11,'global',18,120,126,75,'2021-08-18 18:17:35','2021-08-20 01:42:08',NULL),
	(163,11,'global',NULL,127,134,81,'2021-08-18 18:18:45','2021-08-18 18:19:27','2021-08-18 18:19:27'),
	(164,11,'global',19,127,133,81,'2021-08-18 18:19:37','2021-08-20 01:42:09',NULL),
	(165,11,'global',20,134,140,93,'2021-08-18 18:19:59','2021-08-20 01:42:10',NULL),
	(166,11,'gram',4,22,28,28,'2021-08-18 18:20:58','2021-08-20 01:40:24',NULL),
	(167,11,'gram',5,29,35,35,'2021-08-18 18:21:17','2021-08-20 01:40:23',NULL),
	(168,11,'gram',6,36,42,41,'2021-08-18 18:21:41','2021-08-20 01:40:22',NULL),
	(169,11,'gram',7,43,49,47,'2021-08-18 18:22:14','2021-08-20 01:40:21',NULL),
	(170,11,'gram',8,50,56,51,'2021-08-18 18:22:48','2021-08-20 01:40:20',NULL),
	(171,11,'gram',9,57,63,55,'2021-08-18 18:23:10','2021-08-20 01:40:19',NULL),
	(172,11,'gram',10,64,70,58,'2021-08-18 18:23:27','2021-08-20 01:40:19',NULL),
	(173,11,'gram',11,71,77,60,'2021-08-18 18:23:55','2021-08-20 01:40:18',NULL),
	(174,11,'gram',12,78,84,64,'2021-08-18 18:24:17','2021-08-20 01:40:17',NULL),
	(175,11,'gram',13,85,91,65,'2021-08-18 18:24:39','2021-08-20 01:40:17',NULL),
	(176,11,'gram',14,92,98,68,'2021-08-18 18:25:00','2021-08-20 01:40:16',NULL),
	(177,11,'gram',15,99,105,70,'2021-08-18 18:25:31','2021-08-20 01:40:15',NULL),
	(178,11,'gram',16,106,112,71,'2021-08-18 18:25:47','2021-08-20 01:40:14',NULL),
	(179,11,'gram',17,113,119,72,'2021-08-18 18:26:04','2021-08-20 01:40:13',NULL),
	(180,11,'gram',18,134,140,75,'2021-08-18 18:26:22','2021-08-20 01:40:13',NULL),
	(181,11,'bb',4,22,28,275,'2021-08-18 18:27:17','2021-08-20 01:43:12',NULL),
	(182,11,'bb',5,29,35,367,'2021-08-18 18:28:42','2021-08-20 01:43:11',NULL),
	(183,11,'bb',6,36,42,475,'2021-08-18 18:28:57','2021-08-20 01:43:10',NULL),
	(184,11,'bb',7,43,49,583,'2021-08-18 18:29:30','2021-08-20 01:43:09',NULL),
	(185,11,'bb',8,50,56,685,'2021-08-18 18:29:56','2021-08-20 01:43:09',NULL),
	(186,11,'bb',9,57,63,782,'2021-08-18 18:30:13','2021-08-20 01:43:08',NULL),
	(187,11,'bb',10,64,70,874,'2021-08-18 18:30:45','2021-08-20 01:43:07',NULL),
	(188,11,'bb',11,71,77,961,'2021-08-18 18:31:16','2021-08-20 01:43:06',NULL),
	(189,11,'bb',12,78,84,1043,'2021-08-18 18:31:32','2021-08-20 01:43:05',NULL),
	(190,11,'bb',13,85,91,1123,'2021-08-18 18:32:02','2021-08-20 01:43:05',NULL),
	(191,11,'bb',14,92,98,1197,'2021-08-18 18:32:25','2021-08-20 01:43:04',NULL),
	(192,11,'bb',15,99,105,1264,'2021-08-18 18:33:00','2021-08-20 01:43:04',NULL),
	(193,11,'bb',16,106,112,1330,'2021-08-18 18:33:22','2021-08-20 01:43:03',NULL),
	(194,11,'bb',17,113,119,1400,'2021-08-18 18:33:41','2021-08-20 01:43:03',NULL),
	(195,11,'bb',18,134,140,1475,'2021-08-18 18:34:24','2021-08-20 01:43:02',NULL),
	(196,12,'gram',1,1,7,11,'2021-08-18 14:37:27','2021-08-20 01:40:28',NULL),
	(197,12,'bb',1,1,7,75,'2021-08-18 14:37:58','2021-08-20 01:43:15',NULL),
	(198,12,'global',NULL,1,7,77,'2021-08-18 17:58:07','2021-08-18 18:03:37','2021-08-18 18:03:37'),
	(199,12,'global',NULL,8,14,196,'2021-08-18 17:58:38','2021-08-18 18:03:38','2021-08-18 18:03:38'),
	(200,12,'gram',2,8,14,19,'2021-08-18 17:59:32','2021-08-20 01:40:26',NULL),
	(201,12,'bb',2,8,14,130,'2021-08-18 17:59:48','2021-08-20 01:43:14',NULL),
	(202,12,'gram',3,15,21,22,'2021-08-18 18:00:38','2021-08-20 01:40:25',NULL),
	(203,12,'bb',3,15,21,195,'2021-08-18 18:01:30','2021-08-20 01:43:12',NULL),
	(204,12,'global',NULL,15,21,350,'2021-08-18 18:01:51','2021-08-18 18:03:40','2021-08-18 18:03:40'),
	(205,12,'global',1,1,7,77,'2021-08-18 18:04:48','2021-08-20 01:41:58',NULL),
	(206,12,'global',2,8,14,17,'2021-08-18 18:04:59','2021-08-20 01:41:58',NULL),
	(207,12,'global',3,15,21,22,'2021-08-18 18:05:25','2021-08-20 01:41:59',NULL),
	(208,12,'global',4,22,28,28,'2021-08-18 18:05:57','2021-08-20 01:42:00',NULL),
	(209,12,'global',5,29,35,35,'2021-08-18 18:06:20','2021-08-20 01:42:00',NULL),
	(210,12,'global',6,36,42,41,'2021-08-18 18:06:42','2021-08-20 01:42:01',NULL),
	(211,12,'global',7,43,49,47,'2021-08-18 18:07:10','2021-08-20 01:42:02',NULL),
	(212,12,'global',8,50,56,51,'2021-08-18 18:08:11','2021-08-20 01:42:02',NULL),
	(213,12,'global',9,57,63,55,'2021-08-18 18:09:14','2021-08-20 01:42:03',NULL),
	(214,12,'global',10,64,70,58,'2021-08-18 18:10:00','2021-08-20 01:42:03',NULL),
	(215,12,'global',11,71,77,60,'2021-08-18 18:10:14','2021-08-20 01:42:04',NULL),
	(216,12,'global',12,78,84,64,'2021-08-18 18:10:37','2021-08-20 01:42:05',NULL),
	(217,12,'global',NULL,85,91,65,'2021-08-18 18:11:01','2021-08-18 18:14:26','2021-08-18 18:14:26'),
	(218,12,'global',NULL,92,98,68,'2021-08-18 18:11:31','2021-08-18 18:14:29','2021-08-18 18:14:29'),
	(219,12,'global',NULL,98,105,70,'2021-08-18 18:11:56','2021-08-18 18:14:39','2021-08-18 18:14:39'),
	(220,12,'global',NULL,106,112,71,'2021-08-18 18:12:56','2021-08-18 18:14:32','2021-08-18 18:14:32'),
	(221,12,'global',NULL,113,119,72,'2021-08-18 18:13:34','2021-08-18 18:14:31','2021-08-18 18:14:31'),
	(222,12,'global',13,85,91,65,'2021-08-18 18:15:15','2021-08-20 01:42:05',NULL),
	(223,12,'global',14,92,98,68,'2021-08-18 18:15:43','2021-08-20 01:42:06',NULL),
	(224,12,'global',15,99,105,70,'2021-08-18 18:16:04','2021-08-20 01:42:06',NULL),
	(225,12,'global',16,106,112,71,'2021-08-18 18:16:22','2021-08-20 01:42:07',NULL),
	(226,12,'global',17,113,119,72,'2021-08-18 18:16:54','2021-08-20 01:42:08',NULL),
	(227,12,'global',18,120,126,75,'2021-08-18 18:17:35','2021-08-20 01:42:08',NULL),
	(228,12,'global',NULL,127,134,81,'2021-08-18 18:18:45','2021-08-18 18:19:27','2021-08-18 18:19:27'),
	(229,12,'global',19,127,133,81,'2021-08-18 18:19:37','2021-08-20 01:42:09',NULL),
	(230,12,'global',20,134,140,93,'2021-08-18 18:19:59','2021-08-20 01:42:10',NULL),
	(231,12,'gram',4,22,28,28,'2021-08-18 18:20:58','2021-08-20 01:40:24',NULL),
	(232,12,'gram',5,29,35,35,'2021-08-18 18:21:17','2021-08-20 01:40:23',NULL),
	(233,12,'gram',6,36,42,41,'2021-08-18 18:21:41','2021-08-20 01:40:22',NULL),
	(234,12,'gram',7,43,49,47,'2021-08-18 18:22:14','2021-08-20 01:40:21',NULL),
	(235,12,'gram',8,50,56,51,'2021-08-18 18:22:48','2021-08-20 01:40:20',NULL),
	(236,12,'gram',9,57,63,55,'2021-08-18 18:23:10','2021-08-20 01:40:19',NULL),
	(237,12,'gram',10,64,70,58,'2021-08-18 18:23:27','2021-08-20 01:40:19',NULL),
	(238,12,'gram',11,71,77,60,'2021-08-18 18:23:55','2021-08-20 01:40:18',NULL),
	(239,12,'gram',12,78,84,64,'2021-08-18 18:24:17','2021-08-20 01:40:17',NULL),
	(240,12,'gram',13,85,91,65,'2021-08-18 18:24:39','2021-08-20 01:40:17',NULL),
	(241,12,'gram',14,92,98,68,'2021-08-18 18:25:00','2021-08-20 01:40:16',NULL),
	(242,12,'gram',15,99,105,70,'2021-08-18 18:25:31','2021-08-20 01:40:15',NULL),
	(243,12,'gram',16,106,112,71,'2021-08-18 18:25:47','2021-08-20 01:40:14',NULL),
	(244,12,'gram',17,113,119,72,'2021-08-18 18:26:04','2021-08-20 01:40:13',NULL),
	(245,12,'gram',18,134,140,75,'2021-08-18 18:26:22','2021-08-20 01:40:13',NULL),
	(246,12,'bb',4,22,28,275,'2021-08-18 18:27:17','2021-08-20 01:43:12',NULL),
	(247,12,'bb',5,29,35,367,'2021-08-18 18:28:42','2021-08-20 01:43:11',NULL),
	(248,12,'bb',6,36,42,475,'2021-08-18 18:28:57','2021-08-20 01:43:10',NULL),
	(249,12,'bb',7,43,49,583,'2021-08-18 18:29:30','2021-08-20 01:43:09',NULL),
	(250,12,'bb',8,50,56,685,'2021-08-18 18:29:56','2021-08-20 01:43:09',NULL),
	(251,12,'bb',9,57,63,782,'2021-08-18 18:30:13','2021-08-20 01:43:08',NULL),
	(252,12,'bb',10,64,70,874,'2021-08-18 18:30:45','2021-08-20 01:43:07',NULL),
	(253,12,'bb',11,71,77,961,'2021-08-18 18:31:16','2021-08-20 01:43:06',NULL),
	(254,12,'bb',12,78,84,1043,'2021-08-18 18:31:32','2021-08-20 01:43:05',NULL),
	(255,12,'bb',13,85,91,1123,'2021-08-18 18:32:02','2021-08-20 01:43:05',NULL),
	(256,12,'bb',14,92,98,1197,'2021-08-18 18:32:25','2021-08-20 01:43:04',NULL),
	(257,12,'bb',15,99,105,1264,'2021-08-18 18:33:00','2021-08-20 01:43:04',NULL),
	(258,12,'bb',16,106,112,1330,'2021-08-18 18:33:22','2021-08-20 01:43:03',NULL),
	(259,12,'bb',17,113,119,1400,'2021-08-18 18:33:41','2021-08-20 01:43:03',NULL),
	(260,12,'bb',18,134,140,1475,'2021-08-18 18:34:24','2021-08-20 01:43:02',NULL);

INSERT INTO `trans_header` (`id`, `parent`, `adj`, `jenis`, `nomor`, `tanggal`, `user_id`, `purchase_id`, `konsumen_id`, `nama_konsumen`, `total_trans`, `payment`, `cashback`, `payment_method`, `keterangan`, `created_at`, `updated_at`, `status`)
VALUES
	(1,NULL,NULL,'setor_modal',1,'2021-07-16',1,NULL,NULL,NULL,282459112,282459112,NULL,13,'saldo terakhir sebelum mulai peiode 20 juli','2021-08-20 08:16:29','2021-08-20 08:16:29',1),
	(5,4,NULL,'mutasi_masuk',1,'2021-07-19',1,NULL,NULL,NULL,4100000,4100000,NULL,8,NULL,'2021-08-25 06:40:29','2021-08-25 06:40:29',1),
	(4,NULL,NULL,'mutasi_keluar',1,'2021-07-19',1,NULL,NULL,NULL,4100000,4100000,NULL,13,NULL,'2021-08-25 06:40:29','2021-08-25 06:40:29',1),
	(6,NULL,NULL,'pengeluaran_lain',1,'2021-07-19',1,NULL,NULL,NULL,6500,6500,NULL,13,'switching cost transfer','2021-08-25 06:45:14','2021-08-25 06:45:14',1),
	(7,NULL,NULL,'pengeluaran_lain',2,'2021-07-19',1,NULL,NULL,NULL,6500,6500,NULL,13,'switching cost transfer','2021-08-25 06:46:06','2021-08-25 06:46:06',1),
	(8,NULL,NULL,'pengeluaran_lain',3,'2021-07-19',1,NULL,NULL,NULL,6500,6500,NULL,13,'switching cost transfer','2021-08-25 06:46:22','2021-08-25 06:46:22',1),
	(9,NULL,NULL,'mutasi_keluar',2,'2021-07-19',1,NULL,NULL,NULL,300000,300000,NULL,13,NULL,'2021-08-25 07:02:41','2021-08-25 07:02:41',1),
	(10,9,NULL,'mutasi_masuk',2,'2021-07-19',1,NULL,NULL,NULL,300000,300000,NULL,8,NULL,'2021-08-25 07:02:41','2021-08-25 07:02:41',1),
	(11,NULL,NULL,'mutasi_keluar',3,'2021-07-19',1,NULL,NULL,NULL,1200000,1200000,NULL,13,NULL,'2021-08-25 07:02:54','2021-08-25 07:02:54',1),
	(12,11,NULL,'mutasi_masuk',3,'2021-07-19',1,NULL,NULL,NULL,1200000,1200000,NULL,8,NULL,'2021-08-25 07:02:54','2021-08-25 07:02:54',1),
	(13,NULL,NULL,'pengeluaran_lain',4,'2021-07-16',1,NULL,NULL,NULL,20000,20000,NULL,13,'biaya adm','2021-08-25 07:26:45','2021-08-25 07:26:45',1),
	(14,NULL,NULL,'penjualan_lain',1,'2021-07-19',1,NULL,13,'Hans Nicholas',11677500,11677500,0,13,NULL,'2021-08-25 07:34:38','2021-08-30 03:33:15',2),
	(15,NULL,NULL,'mutasi_keluar',4,'2021-07-21',1,NULL,NULL,NULL,2500000,2500000,NULL,13,NULL,'2021-08-25 07:46:16','2021-08-25 07:46:16',1),
	(16,15,NULL,'mutasi_masuk',4,'2021-07-21',1,NULL,NULL,NULL,2500000,2500000,NULL,8,NULL,'2021-08-25 07:46:16','2021-08-25 07:46:16',1),
	(17,NULL,NULL,'penjualan_lain',2,'2021-08-28',1,NULL,13,'Hans Nicholas',500000,500000,0,8,NULL,'2021-08-28 02:16:53','2021-08-28 02:17:16',2);

INSERT INTO `trans_list` (`id`, `header_id`, `type`, `product_id`, `stok_id`, `qty`, `harga_satuan`, `total_harga`, `created_at`, `updated_at`)
VALUES
	(1,1,'setor_modal',NULL,NULL,NULL,282459112,282459112,'2021-08-20 08:16:29','2021-08-20 08:16:29'),
	(5,5,'mutasi_masuk',NULL,NULL,NULL,4100000,4100000,'2021-08-25 06:40:29','2021-08-25 06:40:29'),
	(4,4,'mutasi_keluar',NULL,NULL,NULL,4100000,4100000,'2021-08-25 06:40:29','2021-08-25 06:40:29'),
	(6,6,'pengeluaran_lain',NULL,NULL,NULL,6500,6500,'2021-08-25 06:45:14','2021-08-25 06:45:14'),
	(7,7,'pengeluaran_lain',NULL,NULL,NULL,6500,6500,'2021-08-25 06:46:06','2021-08-25 06:46:06'),
	(8,8,'pengeluaran_lain',NULL,NULL,NULL,6500,6500,'2021-08-25 06:46:22','2021-08-25 06:46:22'),
	(9,9,'mutasi_keluar',NULL,NULL,NULL,300000,300000,'2021-08-25 07:02:41','2021-08-25 07:02:41'),
	(10,10,'mutasi_masuk',NULL,NULL,NULL,300000,300000,'2021-08-25 07:02:41','2021-08-25 07:02:41'),
	(11,11,'mutasi_keluar',NULL,NULL,NULL,1200000,1200000,'2021-08-25 07:02:54','2021-08-25 07:02:54'),
	(12,12,'mutasi_masuk',NULL,NULL,NULL,1200000,1200000,'2021-08-25 07:02:54','2021-08-25 07:02:54'),
	(13,14,'jual_lain',1,NULL,1500,7785,11677500,'2021-08-25 07:05:57','2021-08-25 07:34:38'),
	(14,13,'pengeluaran_lain',NULL,NULL,NULL,20000,20000,'2021-08-25 07:26:45','2021-08-25 07:26:45'),
	(15,15,'mutasi_keluar',NULL,NULL,NULL,2500000,2500000,'2021-08-25 07:46:16','2021-08-25 07:46:16'),
	(16,16,'mutasi_masuk',NULL,NULL,NULL,2500000,2500000,'2021-08-25 07:46:16','2021-08-25 07:46:16'),
	(17,17,'jual_lain',1,NULL,1000,500,500000,'2021-08-28 02:15:51','2021-08-28 02:16:53');

-- INSERT INTO `angkatan` (`id`, `tanggal`, `populasi_awal`, `status`, `user_id`, `created_at`, `updated_at`)
-- VALUES
-- 	(1,'2021-07-20',9090,1,1,'2021-08-25 09:54:16','2021-08-25 09:54:16');

-- INSERT INTO `riwayatkandang` (`id`, `angkatan`, `strain_id`, `tanggal`, `kandang`, `populasi`, `status`, `created_at`, `updated_at`)
-- VALUES
-- 	(1,1,9,'2021-07-20',16,9090,1,'2021-08-25 09:54:16','2021-08-25 09:54:58');

-- INSERT INTO `kartustok` (`id`, `tipekartu`, `recording_id`, `tanggal_masuk`, `tanggal_kartu`, `hari`, `jenis`, `masuk`, `keluar`, `penerima`, `keterangan`, `created_at`, `updated_at`)
-- VALUES
-- 	(1,'pakan',1,'2021-07-20','2021-07-20',1,5,50,0,2,NULL,'2021-08-30 03:36:09','2021-08-30 03:36:09'),
-- 	(2,'pakan',1,'2021-07-20','2021-07-20',1,5,50,0,2,NULL,'2021-08-30 03:36:38','2021-08-30 03:36:38'),
-- 	(3,'pakan',1,'2021-07-20','2021-07-20',1,5,50,0,2,NULL,'2021-08-30 03:36:46','2021-08-30 03:36:46'),
-- 	(4,'pakan',1,'2021-07-20','2021-07-20',1,5,50,0,2,NULL,'2021-08-30 03:36:51','2021-08-30 03:36:51'),
-- 	(5,'pakan',1,'2021-07-20','2021-07-20',1,5,50,0,2,NULL,'2021-08-30 03:37:56','2021-08-30 03:37:56');

-- INSERT INTO `purchase` (`id`, `nomor`, `supplier_id`, `tipe`, `qty`, `total_harga`, `dibayarkan`, `tanggal`, `user_id`, `produk`, `tax`, `keterangan`, `down_payment`, `kas`, `termin`, `created_at`, `updated_at`, `deleted_at`, `status`)
-- VALUES
-- 	(1,1,14,4,9000,31509000,NULL,'2021-07-21',1,4,NULL,NULL,NULL,NULL,NULL,'2021-08-25 08:19:40','2021-08-25 08:20:40','2021-08-25 08:20:40',1),
-- 	(2,1,14,4,9000,31509000,31509000,'2021-07-21',1,4,1,NULL,NULL,NULL,NULL,'2021-08-25 08:23:09','2021-08-25 08:24:11',NULL,2),
-- 	(3,2,14,4,90,0,0,'2021-07-21',1,4,1,NULL,NULL,NULL,NULL,'2021-08-25 09:52:28','2021-08-25 09:52:53',NULL,2),
-- 	(4,3,15,2,1000,8185000,NULL,'2021-07-20',1,5,1,NULL,NULL,NULL,20,'2021-08-27 06:50:20','2021-08-27 06:50:39',NULL,1),
-- 	(5,4,18,2,200,1420000,NULL,'2021-07-20',1,8,1,'-',0,NULL,20,'2021-08-27 06:54:11','2021-08-27 06:54:31',NULL,1),
-- 	(6,5,15,2,2000,16370000,NULL,'2021-07-26',1,5,1,'-',0,NULL,20,'2021-08-27 06:58:20','2021-08-27 06:58:20',NULL,1),
-- 	(7,6,15,2,1000,8185000,NULL,'2021-07-30',1,5,1,'-',0,NULL,20,'2021-08-27 06:59:33','2021-08-27 06:59:33',NULL,1),
-- 	(8,7,15,2,3000,24555000,NULL,'2021-08-11',1,5,1,'-',0,NULL,20,'2021-08-27 07:00:44','2021-08-27 07:00:44',NULL,1),
-- 	(9,8,15,2,3000,24555000,NULL,'2021-08-16',1,5,1,'-',0,NULL,20,'2021-08-27 07:02:16','2021-08-27 07:02:16',NULL,1),
-- 	(10,9,15,2,2000,15570000,NULL,'2021-08-16',1,6,1,'-',0,NULL,20,'2021-08-27 07:02:52','2021-08-27 07:02:52',NULL,1),
-- 	(11,10,17,1,10,400950,400950,'2021-07-22',1,9,1,'-',0,NULL,20,'2021-08-27 07:34:18','2021-08-27 07:47:48',NULL,2),
-- 	(12,11,17,1,10,400950,NULL,'2021-08-02',1,9,1,'-',0,NULL,20,'2021-08-27 07:37:13','2021-08-27 07:37:13',NULL,1),
-- 	(13,12,17,1,10,400950,NULL,'2021-08-13',1,9,1,'0',0,NULL,34,'2021-08-27 11:53:36','2021-08-27 11:53:36',NULL,1),
-- 	(14,13,17,1,10,950000,NULL,'2021-08-13',1,10,1,'0',0,NULL,34,'2021-08-27 11:56:06','2021-08-27 11:56:06',NULL,1),
-- 	(15,14,17,1,10,560000,NULL,'2021-08-13',1,12,1,'0',0,NULL,34,'2021-08-27 11:56:57','2021-08-27 11:56:57',NULL,1),
-- 	(16,15,17,1,12,554760,NULL,'2021-08-13',1,11,1,'0',0,NULL,34,'2021-08-27 11:58:40','2021-08-27 11:58:40',NULL,1),
-- 	(17,16,17,1,10,400950,NULL,'2021-08-02',1,9,1,'0',0,NULL,34,'2021-08-27 12:01:49','2021-08-27 12:01:49',NULL,1),
-- 	(18,17,17,1,10,950000,NULL,'2021-08-02',1,10,1,'0',0,NULL,34,'2021-08-27 12:03:15','2021-08-27 12:03:15',NULL,1),
-- 	(19,18,16,1,3,1085040,NULL,'2021-07-21',1,14,1,'0',0,NULL,30,'2021-08-27 12:06:51','2021-08-27 12:06:51',NULL,1),
-- 	(20,19,16,1,2,723360,NULL,'2021-07-28',1,14,1,'0',0,NULL,30,'2021-08-27 12:08:02','2021-08-27 12:08:02',NULL,1),
-- 	(21,20,16,1,5,1808400,NULL,'2021-08-02',1,14,1,'0',0,NULL,30,'2021-08-27 12:09:59','2021-08-27 12:09:59',NULL,1),
-- 	(22,21,16,1,9,4239675,NULL,'2021-08-02',1,15,1,'0',0,NULL,30,'2021-08-27 12:10:58','2021-08-27 12:10:58',NULL,1),
-- 	(23,22,16,1,18,8479350,NULL,'2021-08-30',1,15,1,'0',0,NULL,30,'2021-08-30 03:44:27','2021-08-30 03:44:27',NULL,1),
-- 	(24,23,15,2,3000,24555000,NULL,'2021-08-30',1,5,1,'0',0,NULL,20,'2021-08-30 03:45:25','2021-08-30 03:55:48','2021-08-30 03:55:48',1),
-- 	(25,23,15,2,2000,16370000,NULL,'2021-08-24',1,5,1,'0',0,NULL,20,'2021-08-30 03:57:52','2021-08-30 03:57:52',NULL,1),
-- 	(26,24,15,2,4000,31140000,NULL,'2021-08-24',1,6,1,'0',0,NULL,20,'2021-08-30 04:01:54','2021-08-30 04:01:54',NULL,1),
-- 	(27,25,15,2,3000,24555000,NULL,'2021-08-30',1,5,1,'0',0,NULL,20,'2021-08-30 04:03:31','2021-08-30 04:03:31',NULL,1);

-- INSERT INTO `delivery` (`id`, `purchase_id`, `angkatan_id`, `tanggal`, `qty`, `kas`, `biaya_pengiriman`, `beban_angkut`, `user_id`, `created_at`, `updated_at`, `deleted_at`)
-- VALUES
-- 	(1,2,NULL,'2021-07-20',9000,NULL,0,0,1,'2021-08-25 09:51:27','2021-08-25 09:51:27',NULL),
-- 	(2,3,NULL,'2021-07-20',90,NULL,0,0,1,'2021-08-25 09:53:42','2021-08-25 09:53:42',NULL),
-- 	(3,4,NULL,'2021-07-20',1000,NULL,0,0,1,'2021-08-27 06:52:01','2021-08-27 06:52:01',NULL),
-- 	(4,5,NULL,'2021-07-20',200,NULL,0,0,1,'2021-08-27 06:56:01','2021-08-27 06:56:01',NULL),
-- 	(5,6,NULL,'2021-07-27',2000,NULL,0,0,1,'2021-08-27 06:58:43','2021-08-27 06:58:43',NULL),
-- 	(6,7,NULL,'2021-07-31',1000,NULL,0,0,1,'2021-08-27 07:00:00','2021-08-27 07:00:00',NULL),
-- 	(7,8,NULL,'2021-08-12',3000,NULL,0,0,1,'2021-08-27 07:01:07','2021-08-27 07:01:07',NULL),
-- 	(8,11,NULL,'2021-07-22',10,NULL,0,0,1,'2021-08-27 07:38:20','2021-08-27 07:38:20',NULL),
-- 	(9,9,NULL,'2021-08-17',3000,NULL,0,0,1,'2021-08-27 12:34:21','2021-08-27 12:34:21',NULL),
-- 	(10,10,NULL,'2021-08-17',2000,NULL,0,0,1,'2021-08-27 12:35:36','2021-08-27 12:35:36',NULL),
-- 	(11,19,NULL,'2021-08-22',0,NULL,0,0,1,'2021-08-27 12:38:33','2021-08-27 12:39:44',NULL),
-- 	(12,19,NULL,'2021-08-22',0,NULL,0,0,1,'2021-08-27 12:38:33','2021-08-27 12:39:34',NULL),
-- 	(13,19,NULL,'2021-08-22',3,NULL,0,0,1,'2021-08-27 12:38:33','2021-08-27 12:38:33',NULL),
-- 	(14,20,NULL,'2021-08-29',2,NULL,0,0,1,'2021-08-27 12:40:48','2021-08-27 12:40:48',NULL),
-- 	(15,22,NULL,'2021-08-04',9,NULL,0,0,1,'2021-08-30 03:47:16','2021-08-30 03:47:16',NULL),
-- 	(16,21,NULL,'2021-08-04',5,NULL,0,0,1,'2021-08-30 03:47:43','2021-08-30 03:47:43',NULL),
-- 	(17,18,NULL,'2021-08-04',10,NULL,0,0,1,'2021-08-30 03:49:32','2021-08-30 03:49:32',NULL),
-- 	(18,17,NULL,'2021-08-04',10,NULL,0,0,1,'2021-08-30 03:49:58','2021-08-30 03:49:58',NULL),
-- 	(19,16,NULL,'2021-08-16',12,NULL,0,0,1,'2021-08-30 03:50:27','2021-08-30 03:50:27',NULL),
-- 	(20,15,NULL,'2021-08-16',10,NULL,0,0,1,'2021-08-30 03:50:45','2021-08-30 03:50:45',NULL),
-- 	(21,14,NULL,'2021-08-16',10,NULL,0,0,1,'2021-08-30 03:51:05','2021-08-30 03:51:05',NULL),
-- 	(22,13,NULL,'2021-08-16',10,NULL,0,0,1,'2021-08-30 03:51:35','2021-08-30 03:51:35',NULL),
-- 	(23,12,NULL,'2021-08-04',10,NULL,0,0,1,'2021-08-30 03:51:52','2021-08-30 03:51:52',NULL),
-- 	(24,25,NULL,'2021-08-25',2000,NULL,0,0,1,'2021-08-30 04:05:02','2021-08-30 04:05:02',NULL),
-- 	(25,26,NULL,'2021-08-25',4000,NULL,0,0,1,'2021-08-30 04:05:33','2021-08-30 04:05:33',NULL);

-- INSERT INTO `stock` (`id`, `produk_id`, `qty_awal`, `stock_opname`, `delivery_id`, `tanggal`, `tipe`, `created_at`, `updated_at`)
-- VALUES
-- 	(1,4,9000,0,1,'2021-07-20',4,'2021-08-25 09:51:27','2021-08-25 09:54:16'),
-- 	(2,4,90,0,2,'2021-07-20',4,'2021-08-25 09:53:42','2021-08-25 09:54:16'),
-- 	(3,5,1000,950,3,'2021-07-20',2,'2021-08-27 06:52:02','2021-08-30 03:35:16'),
-- 	(4,8,200,200,4,'2021-07-20',2,'2021-08-27 06:56:01','2021-08-27 06:56:01'),
-- 	(5,5,2000,2000,5,'2021-07-27',2,'2021-08-27 06:58:43','2021-08-27 06:58:43'),
-- 	(6,5,1000,1000,6,'2021-07-31',2,'2021-08-27 07:00:00','2021-08-27 07:00:00'),
-- 	(7,5,3000,3000,7,'2021-08-12',2,'2021-08-27 07:01:07','2021-08-27 07:01:07'),
-- 	(8,9,10,10,8,'2021-07-22',1,'2021-08-27 07:38:20','2021-08-27 07:38:20'),
-- 	(9,5,3000,3000,9,'2021-08-17',2,'2021-08-27 12:34:21','2021-08-27 12:34:21'),
-- 	(10,6,2000,2000,10,'2021-08-17',2,'2021-08-27 12:35:36','2021-08-27 12:35:36'),
-- 	(11,14,0,0,11,'2021-08-22',1,'2021-08-27 12:38:33','2021-08-27 12:39:44'),
-- 	(12,14,0,0,12,'2021-08-22',1,'2021-08-27 12:38:33','2021-08-27 12:39:34'),
-- 	(13,14,3,3,13,'2021-08-22',1,'2021-08-27 12:38:33','2021-08-27 12:38:33'),
-- 	(14,14,2,2,14,'2021-08-29',1,'2021-08-27 12:40:48','2021-08-27 12:40:48'),
-- 	(15,15,9,9,15,'2021-08-04',1,'2021-08-30 03:47:16','2021-08-30 03:47:16'),
-- 	(16,14,5,5,16,'2021-08-04',1,'2021-08-30 03:47:43','2021-08-30 03:47:43'),
-- 	(17,10,10,10,17,'2021-08-04',1,'2021-08-30 03:49:32','2021-08-30 03:49:32'),
-- 	(18,9,10,10,18,'2021-08-04',1,'2021-08-30 03:49:58','2021-08-30 03:49:58'),
-- 	(19,11,12,12,19,'2021-08-16',1,'2021-08-30 03:50:27','2021-08-30 03:50:27'),
-- 	(20,12,10,10,20,'2021-08-16',1,'2021-08-30 03:50:45','2021-08-30 03:50:45'),
-- 	(21,10,10,10,21,'2021-08-16',1,'2021-08-30 03:51:05','2021-08-30 03:51:05'),
-- 	(22,9,10,10,22,'2021-08-16',1,'2021-08-30 03:51:35','2021-08-30 03:51:35'),
-- 	(23,9,10,10,23,'2021-08-04',1,'2021-08-30 03:51:52','2021-08-30 03:51:52'),
-- 	(24,5,2000,2000,24,'2021-08-25',2,'2021-08-30 04:05:02','2021-08-30 04:05:02'),
-- 	(25,6,4000,4000,25,'2021-08-25',2,'2021-08-30 04:05:33','2021-08-30 04:05:33');

-- INSERT INTO `stock_kandang` (`id`, `stock_id`, `tanggal`, `produk_id`, `tipe`, `jumlah`, `sisa`, `kandang_id`, `created_at`, `updated_at`)
-- VALUES
-- 	(1,3,'2021-08-30',5,2,50,50,16,'2021-08-30 03:35:16','2021-08-30 03:35:16');
